{"language":"en-US","region":"US","quoteType":"EQUITY","typeDisp":"Equity","quoteSourceName":"Delayed Quote","triggerable":false,"customPriceAlertConfidence":"LOW","currency":"SAR","marketState":"CLOSED","tradeable":false,"firstTradeDateMilliseconds":1267599600000,"priceHint":2,"totalCash":895991940,"ebitda":112573216,"regularMarketChange":-0.349998470000000005963869398328824900090694427490234375,"regularMarketChangePercent":-1.049470700000000089602281150291673839092254638671875,"regularMarketTime":1652962616,"regularMarketPrice":33,"regularMarketDayHigh":33.10000000000000142108547152020037174224853515625,"regularMarketDayRange":"32.45 - 33.1","regularMarketDayLow":32.4500000000000028421709430404007434844970703125,"regularMarketVolume":148710,"regularMarketPreviousClose":33.35000000000000142108547152020037174224853515625,"bid":32.60000000000000142108547152020037174224853515625,"ask":32.9500000000000028421709430404007434844970703125,"fullExchangeName":"Saudi","regularMarketOpen":33.10000000000000142108547152020037174224853515625,"averageDailyVolume3Month":205798,"beta":0.419410000000000005027089855502708815038204193115234375,"fiftyTwoWeekLowChange":0.5499992400000000003501554601825773715972900390625,"fiftyTwoWeekLowChangePercent":0.016949128000000000804359245876185013912618160247802734375,"fiftyTwoWeekRange":"32.45 - 61.4","fiftyTwoWeekHighChange":-28.400002000000000634827301837503910064697265625,"fiftyTwoWeekHighChangePercent":-0.4625407200000000162987134899594821035861968994140625,"fiftyTwoWeekLow":32.4500000000000028421709430404007434844970703125,"fiftyTwoWeekHigh":61.39999999999999857891452847979962825775146484375,"exDividendDate":1654732800,"trailingPE":150,"pegRatio":7.269999999999999573674358543939888477325439453125,"dividendRate":0.59999999999999997779553950749686919152736663818359375,"dividendYield":1.8200000000000000621724893790087662637233734130859375,"epsTrailingTwelveMonths":0.2200000000000000011102230246251565404236316680908203125,"sharesOutstanding":120000000,"bookValue":15.3149999999999995026200849679298698902130126953125,"fiftyDayAverage":36.7180000000000035242919693700969219207763671875,"fiftyDayAverageChange":-3.71799850000000020600054995156824588775634765625,"fiftyDayAverageChangePercent":-0.10125820000000000653539444783746148459613323211669921875,"twoHundredDayAverage":41.74849999999999994315658113919198513031005859375,"twoHundredDayAverageChange":-8.7485009999999991947561284177936613559722900390625,"twoHundredDayAverageChangePercent":-0.20955245000000000121787024909281171858310699462890625,"marketCap":3960000000,"priceToBook":2.154750299999999896272129262797534465789794921875,"sourceInterval":15,"exchangeDataDelayedBy":15,"exchange":"SAU","shortName":"Saudi Pharmaceutical Indust.& Med. Appliances Corp.","exchangeTimezoneName":"Asia\/Riyadh","exchangeTimezoneShortName":"AST","gmtOffSetMilliseconds":10800000,"market":"sr_market","esgPopulated":false,"symbol":"2070.SR"}