{"language":"en-US","region":"US","quoteType":"EQUITY","typeDisp":"Equity","quoteSourceName":"Nasdaq Real Time Price","triggerable":true,"customPriceAlertConfidence":"HIGH","currency":"USD","marketState":"REGULAR","exchange":"NYQ","shortName":"The Blackstone Group L.P.","exchangeTimezoneName":"America\/New_York","exchangeTimezoneShortName":"EDT","gmtOffSetMilliseconds":-14400000,"market":"us_market","esgPopulated":false,"priceToBook":7.6156664000000002801016307785175740718841552734375,"sourceInterval":15,"exchangeDataDelayedBy":0,"tradeable":false,"firstTradeDateMilliseconds":1182519000000,"priceHint":2,"totalCash":3915100930,"regularMarketChange":-4.41999799999999964938979246653616428375244140625,"regularMarketChangePercent":-4.0756090000000000372892827726900577545166015625,"regularMarketTime":1653405636,"regularMarketPrice":104.030000000000001136868377216160297393798828125,"regularMarketDayHigh":107.1099999999999994315658113919198513031005859375,"regularMarketDayRange":"103.3413 - 107.11","regularMarketDayLow":103.3413000000000039335645851679146289825439453125,"regularMarketVolume":2791684,"regularMarketPreviousClose":108.4500000000000028421709430404007434844970703125,"bid":104.2099999999999937472239253111183643341064453125,"ask":104.2600000000000051159076974727213382720947265625,"fullExchangeName":"NYSE","regularMarketOpen":105.6099999999999994315658113919198513031005859375,"averageDailyVolume3Month":4613483,"beta":1.3834820000000001005702188194845803081989288330078125,"fiftyTwoWeekLowChange":13.07000000000000028421709430404007434844970703125,"fiftyTwoWeekLowChangePercent":0.143689530000000009746230489326990209519863128662109375,"fiftyTwoWeekRange":"90.96 - 149.78","fiftyTwoWeekHighChange":-45.75,"fiftyTwoWeekHighChangePercent":-0.305447999999999997289279463075217790901660919189453125,"fiftyTwoWeekLow":90.9599999999999937472239253111183643341064453125,"fiftyTwoWeekHigh":149.780000000000001136868377216160297393798828125,"exDividendDate":1651190400,"trailingPE":14.182686000000000348109097103588283061981201171875,"pegRatio":0.939999999999999946709294817992486059665679931640625,"dividendRate":4.55999999999999960920149533194489777088165283203125,"dividendYield":4.2400000000000002131628207280300557613372802734375,"epsTrailingTwelveMonths":7.33499999999999996447286321199499070644378662109375,"sharesOutstanding":700723968,"bookValue":13.660000000000000142108547152020037174224853515625,"fiftyDayAverage":113.48980000000000245563569478690624237060546875,"fiftyDayAverageChange":-9.4598010000000005703668648493476212024688720703125,"fiftyDayAverageChangePercent":-0.08335375000000000422772927777259610593318939208984375,"twoHundredDayAverage":123.5531500000000022509993868879973888397216796875,"twoHundredDayAverageChange":-19.52314799999999905821823631413280963897705078125,"twoHundredDayAverageChangePercent":-0.1580141599999999868497724264670978300273418426513671875,"marketCap":124363702272,"symbol":"BX"}