{"language":"en-US","region":"US","quoteType":"EQUITY","typeDisp":"Equity","quoteSourceName":"Delayed Quote","triggerable":false,"customPriceAlertConfidence":"LOW","currency":"EUR","marketState":"REGULAR","exchange":"FRA","shortName":"Daimler Truck Holding AG","exchangeTimezoneName":"Europe\/Berlin","exchangeTimezoneShortName":"CET","gmtOffSetMilliseconds":3600000,"market":"dr_market","esgPopulated":false,"regularMarketChangePercent":0.245253940000000003607283360906876623630523681640625,"regularMarketPrice":32.7000000000000028421709430404007434844970703125,"firstTradeDateMilliseconds":1639119600000,"priceHint":2,"totalCash":11843999700,"ebitda":5869000192,"regularMarketChange":0.080001829999999996001491808783612214028835296630859375,"regularMarketTime":1704870026,"regularMarketDayHigh":32.7000000000000028421709430404007434844970703125,"regularMarketDayRange":"32.7 - 32.7","regularMarketDayLow":32.7000000000000028421709430404007434844970703125,"regularMarketVolume":130,"regularMarketPreviousClose":32.61999999999999744204615126363933086395263671875,"bid":0,"ask":32.7000000000000028421709430404007434844970703125,"fullExchangeName":"Frankfurt","regularMarketOpen":32.7000000000000028421709430404007434844970703125,"averageDailyVolume3Month":4854,"beta":1.1519999999999999129585148693877272307872772216796875,"fiftyTwoWeekLowChange":5.10000039999999987827550285146571695804595947265625,"fiftyTwoWeekLowChangePercent":0.18478262000000000853106030263006687164306640625,"fiftyTwoWeekRange":"27.6 - 34.44","fiftyTwoWeekHighChange":-1.739997900000000097264774012728594243526458740234375,"fiftyTwoWeekHighChangePercent":-0.050522589999999999166302444564280449412763118743896484375,"fiftyTwoWeekLow":27.60000000000000142108547152020037174224853515625,"fiftyTwoWeekHigh":34.43999999999999772626324556767940521240234375,"exDividendDate":1687392000,"trailingPE":8.6507939999999994284962667734362185001373291015625,"dividendRate":1.3000000000000000444089209850062616169452667236328125,"dividendYield":3.9900000000000002131628207280300557613372802734375,"epsTrailingTwelveMonths":3.779999999999999804600747665972448885440826416015625,"sharesOutstanding":817041984,"bookValue":26.1520000000000010231815394945442676544189453125,"fiftyDayAverage":31.07939999999999969304553815163671970367431640625,"fiftyDayAverageChange":1.6206016999999999228521119221113622188568115234375,"fiftyDayAverageChangePercent":0.052143920000000003323048503034442546777427196502685546875,"twoHundredDayAverage":31.438725000000001585931386216543614864349365234375,"twoHundredDayAverageChange":1.2612761999999999584787246931227855384349822998046875,"twoHundredDayAverageChangePercent":0.0401185559999999996616537600857554934918880462646484375,"marketCap":27937671168,"priceToBook":1.250382399999999893935864747618325054645538330078125,"sourceInterval":15,"exchangeDataDelayedBy":15,"tradeable":false,"cryptoTradeable":false,"symbol":"DTG.F"}