{"language":"en-US","region":"US","quoteType":"EQUITY","typeDisp":"Equity","quoteSourceName":"Delayed Quote","triggerable":false,"customPriceAlertConfidence":"NONE","exchange":"GER","shortName":"ThyssenKrupp AG","exchangeTimezoneName":"Europe\/Berlin","exchangeTimezoneShortName":"CEST","gmtOffSetMilliseconds":7200000,"market":"de_market","esgPopulated":false,"currency":"EUR","firstTradeDateMilliseconds":922435200000,"priceHint":2,"totalCash":6455000100,"ebitda":2271000064,"regularMarketChange":-0.11600017499999999703863551303584245033562183380126953125,"regularMarketChangePercent":-1.3865667999999999882021484154392965137958526611328125,"regularMarketTime":1653404887,"regularMarketPrice":8.25,"regularMarketDayHigh":8.43599999999999994315658113919198513031005859375,"regularMarketDayRange":"8.154 - 8.436","regularMarketDayLow":8.153999999999999914734871708787977695465087890625,"regularMarketVolume":1658681,"regularMarketPreviousClose":8.3659999999999996589394868351519107818603515625,"bid":8.2479999999999993320898283855058252811431884765625,"ask":8.2539999999999995594635038287378847599029541015625,"fullExchangeName":"XETRA","regularMarketOpen":8.199999999999999289457264239899814128875732421875,"averageDailyVolume3Month":3841624,"beta":2.066530999999999895777591518708504736423492431640625,"marketState":"REGULAR","fiftyTwoWeekLowChange":1.5780000999999999056200294944574125111103057861328125,"fiftyTwoWeekLowChangePercent":0.2365107999999999932594363372118095867335796356201171875,"fiftyTwoWeekRange":"6.672 - 11.355","fiftyTwoWeekHighChange":-3.1049994999999999123474481166340410709381103515625,"fiftyTwoWeekHighChangePercent":-0.273447779999999973643554085356299765408039093017578125,"fiftyTwoWeekLow":6.67199999999999970867747833835892379283905029296875,"fiftyTwoWeekHigh":11.355000000000000426325641456060111522674560546875,"exDividendDate":1549238400,"trailingPE":5.6313990000000000435420588473789393901824951171875,"pegRatio":0.08000000000000000166533453693773481063544750213623046875,"epsTrailingTwelveMonths":1.4650000000000000799360577730112709105014801025390625,"sharesOutstanding":622531968,"bookValue":19.707999999999998408384271897375583648681640625,"fiftyDayAverage":7.677640000000000242152964347042143344879150390625,"fiftyDayAverageChange":0.572360039999999958837406666134484112262725830078125,"fiftyDayAverageChangePercent":0.074548950000000002713562707867822609841823577880859375,"twoHundredDayAverage":8.84470999999999918372850515879690647125244140625,"twoHundredDayAverageChange":-0.59471035000000005421583182396716438233852386474609375,"twoHundredDayAverageChangePercent":-0.06723909999999999609343603879096917808055877685546875,"marketCap":5135888896,"priceToBook":0.4186117400000000099424823929439298808574676513671875,"sourceInterval":15,"exchangeDataDelayedBy":15,"tradeable":false,"symbol":"TKA.DE"}